{
    "study_name": "None_XGBClassifier_LogLoss_INGHubsMetric",
    "model_name": "XGBoost",
    "best_value": 1.1664542858151055,
    "best_trial": 2,
    "n_trials": 5,
    "eval_metric": "ing_hubs_datathon_metric",
    "sampler": null,
    "class_weights": [
        0.5,
        0.5
    ],
    "random_state": 42,
    "timestamp": "2025-10-21 17:58:16",
    "best_params": {
        "n_estimators": 812,
        "learning_rate": 0.0022158645374549917,
        "max_depth": 5,
        "min_child_weight": 0.1256277350380703,
        "subsample": 0.728034992108518,
        "colsample_bytree": 0.8925879806965068,
        "gamma": 1.9967378215835974,
        "reg_alpha": 0.00042472707398058225,
        "reg_lambda": 0.0021465011216654484,
        "max_bin": 145
    }
}